{
	"width" : 848,
	"height" : 480,
	"intrinsic_matrix" :
	[
		423.11090087890625,
		0,
		0,
		0,
		423.11090087890625,
		0,
		420.7366638183594,
		242.30874633789062,
		1
	]
}